{"media":{"disableImageZooming":false},"text":"<p>Setze \u201ces\u201d bzw. einen Strich \u201c-\u201c, je nachdem, ob in der L\u00fccke ein \u201ces\u201d fehlt oder nicht!<\/p>\n","overallFeedback":[{"from":0,"to":50,"feedback":"schlecht"},{"from":51,"to":79,"feedback":"gut"},{"from":80,"to":100,"feedback":"ausgezeichnet"}],"showSolutions":"Show solution","tryAgain":"Retry","checkAnswer":"Check","notFilledOut":"Please fill in all blanks to view solution","answerIsCorrect":"&#039;:ans&#039; is correct","answerIsWrong":"&#039;:ans&#039; is wrong","answeredCorrectly":"Answered correctly","answeredIncorrectly":"Answered incorrectly","solutionLabel":"Correct answer:","inputLabel":"Blank input @num of @total","inputHasTipLabel":"Tip available","tipLabel":"Tip","behaviour":{"enableRetry":true,"enableSolutionsButton":true,"enableCheckButton":true,"autoCheck":false,"caseSensitive":true,"showSolutionsRequiresInput":true,"separateLines":false,"confirmCheckDialog":false,"confirmRetryDialog":false,"acceptSpellingErrors":false},"scoreBarLabel":"You got :num out of :total points","confirmCheck":{"header":"Finish ?","body":"Are you sure you wish to finish ?","cancelLabel":"Cancel","confirmLabel":"Finish"},"confirmRetry":{"header":"Retry ?","body":"Are you sure you wish to retry ?","cancelLabel":"Cancel","confirmLabel":"Confirm"},"questions":["<p>1. \"Gef\u00e4llt *es*&nbsp;dir im Urlaub?\" -&nbsp;\"Ja,&nbsp;*es* ist sehr sch\u00f6n, mir gef\u00e4llt *es* sehr gut!\"<\/p>\n","<p>2. \"Was macht *-* dein Bruder?\" - Ich wei\u00df&nbsp;*es* nicht ganz genau.\"<\/p>\n","<p>3. Mein Vater ist *-* sehr jung. Deiner ist *es* nicht.&nbsp;<\/p>\n","<p>4. Das Fleisch schmeckt *-* mir nicht.&nbsp;*Es* ist zu z\u00e4h und zu kalt.&nbsp;<\/p>\n","<p>5. Heute ist *-* ein sch\u00f6ner Tag. Die Sonne scheint und *es* ist sonnig.<\/p>\n","<p>6.&nbsp;*Es* ist nicht sicher, ob er zur Geburtstagsfeier kommt.&nbsp;<\/p>\n","<p>7. \" Wo tut *es* Ihnen weh?\" - \"*Es* sticht hier.\"<\/p>\n","<p>8. \"Warum stinkt *es* hier so? Wei\u00df jemand?\" - \"Ich wei\u00df&nbsp;*es*&nbsp;nicht, aber *es* stinkt.<\/p>\n"]}