{"introPage":{"showIntroPage":false,"startButtonText":"Start Quiz","introduction":""},"progressType":"dots","passPercentage":50,"questions":[{"params":{"media":{"disableImageZooming":false},"answers":[{"correct":true,"tipsAndFeedback":{"tip":"","chosenFeedback":"","notChosenFeedback":""},"text":"<div>deswegen<\/div>\n"},{"correct":false,"tipsAndFeedback":{"tip":"","chosenFeedback":"","notChosenFeedback":""},"text":"<div>weil<\/div>\n"},{"correct":false,"tipsAndFeedback":{"tip":"","chosenFeedback":"","notChosenFeedback":""},"text":"<div>denn<\/div>\n"}],"overallFeedback":[{"from":0,"to":100,"feedback":"schlecht"}],"behaviour":{"enableRetry":true,"enableSolutionsButton":true,"enableCheckButton":true,"type":"auto","singlePoint":false,"randomAnswers":true,"showSolutionsRequiresInput":true,"confirmCheckDialog":false,"confirmRetryDialog":false,"autoCheck":false,"passPercentage":100,"showScorePoints":false},"UI":{"checkAnswerButton":"\u00dcberpr\u00fcfen","showSolutionButton":"L\u00f6sung anzeigen","tryAgainButton":"Wiederholen","tipsLabel":"Hinweis anzeigen","scoreBarLabel":"Du hast :num von :total Punkten erreicht.","tipAvailable":"Hinweis verf\u00fcgbar","feedbackAvailable":"R\u00fcckmeldung verf\u00fcgbar","readFeedback":"R\u00fcckmeldung vorlesen","wrongAnswer":"Falsche Antwort","correctAnswer":"deshalb","shouldCheck":"H\u00e4tte gew\u00e4hlt werden m\u00fcssen","shouldNotCheck":"H\u00e4tte nicht gew\u00e4hlt werden sollen","noInput":"Bitte antworte, bevor du die L\u00f6sung ansiehst"},"confirmCheck":{"header":"Beenden?","body":"Ganz sicher beenden?","cancelLabel":"Abbrechen","confirmLabel":"Beenden"},"confirmRetry":{"header":"Wiederholen?","body":"Ganz sicher wiederholen?","cancelLabel":"Abbrechen","confirmLabel":"Best\u00e4tigen"},"question":"<p>Ich lerne Deutsch, ________ gehe ich in die Sprachschule.<\/p>\n"},"library":"H5P.MultiChoice 1.14","metadata":{"contentType":"Multiple Choice","license":"U","title":"W\u00e4hle die richtige Konjunktion aus!","defaultLanguage":"de"},"subContentId":"0d7fe5f6-1881-4cf8-9376-95891fecb0d6"},{"params":{"media":{"disableImageZooming":false},"answers":[{"correct":false,"tipsAndFeedback":{"tip":"","chosenFeedback":"","notChosenFeedback":""},"text":"<div>obwohl<\/div>\n"},{"correct":true,"tipsAndFeedback":{"tip":"","chosenFeedback":"","notChosenFeedback":""},"text":"<div>aus diesem Grund<\/div>\n"},{"correct":false,"tipsAndFeedback":{"tip":"","chosenFeedback":"","notChosenFeedback":""},"text":"<div>dass<\/div>\n"}],"overallFeedback":[{"from":0,"to":100}],"behaviour":{"enableRetry":true,"enableSolutionsButton":false,"enableCheckButton":true,"type":"auto","singlePoint":false,"randomAnswers":true,"showSolutionsRequiresInput":true,"confirmCheckDialog":false,"confirmRetryDialog":false,"autoCheck":false,"passPercentage":100,"showScorePoints":true},"UI":{"checkAnswerButton":"\u00dcberpr\u00fcfen","showSolutionButton":"L\u00f6sung anzeigen","tryAgainButton":"Wiederholen","tipsLabel":"Hinweis anzeigen","scoreBarLabel":"Du hast :num von :total Punkten erreicht.","tipAvailable":"Hinweis verf\u00fcgbar","feedbackAvailable":"R\u00fcckmeldung verf\u00fcgbar","readFeedback":"R\u00fcckmeldung vorlesen","wrongAnswer":"Falsche Antwort","correctAnswer":"deshalb","shouldCheck":"H\u00e4tte gew\u00e4hlt werden m\u00fcssen","shouldNotCheck":"H\u00e4tte nicht gew\u00e4hlt werden sollen","noInput":"Bitte antworte, bevor du die L\u00f6sung ansiehst"},"confirmCheck":{"header":"Beenden?","body":"Ganz sicher beenden?","cancelLabel":"Abbrechen","confirmLabel":"Beenden"},"confirmRetry":{"header":"Wiederholen?","body":"Ganz sicher wiederholen?","cancelLabel":"Abbrechen","confirmLabel":"Best\u00e4tigen"},"question":"<p>Es hat geregnet, ________ bin ich zu Hause geblieben.<\/p>\n"},"library":"H5P.MultiChoice 1.14","metadata":{"contentType":"Multiple Choice","license":"U","title":"Untitled Multiple Choice","defaultLanguage":"de"},"subContentId":"e2188463-8da3-4f5f-80dc-cfc16b059049"},{"params":{"media":{"disableImageZooming":false},"answers":[{"correct":false,"tipsAndFeedback":{"tip":"","chosenFeedback":"","notChosenFeedback":""},"text":"<div>wenn<\/div>\n"},{"correct":false,"tipsAndFeedback":{"tip":"","chosenFeedback":"","notChosenFeedback":""},"text":"<div>da<\/div>\n"},{"correct":true,"tipsAndFeedback":{"tip":"","chosenFeedback":"","notChosenFeedback":""},"text":"<div>darum<\/div>\n"}],"overallFeedback":[{"from":0,"to":100}],"behaviour":{"enableRetry":true,"enableSolutionsButton":false,"enableCheckButton":true,"type":"auto","singlePoint":false,"randomAnswers":true,"showSolutionsRequiresInput":true,"confirmCheckDialog":false,"confirmRetryDialog":false,"autoCheck":false,"passPercentage":100,"showScorePoints":true},"UI":{"checkAnswerButton":"\u00dcberpr\u00fcfen","showSolutionButton":"L\u00f6sung anzeigen","tryAgainButton":"Wiederholen","tipsLabel":"Hinweis anzeigen","scoreBarLabel":"Du hast :num von :total Punkten erreicht.","tipAvailable":"Hinweis verf\u00fcgbar","feedbackAvailable":"R\u00fcckmeldung verf\u00fcgbar","readFeedback":"R\u00fcckmeldung vorlesen","wrongAnswer":"Falsche Antwort","correctAnswer":"deshalb","shouldCheck":"H\u00e4tte gew\u00e4hlt werden m\u00fcssen","shouldNotCheck":"H\u00e4tte nicht gew\u00e4hlt werden sollen","noInput":"Bitte antworte, bevor du die L\u00f6sung ansiehst"},"confirmCheck":{"header":"Beenden?","body":"Ganz sicher beenden?","cancelLabel":"Abbrechen","confirmLabel":"Beenden"},"confirmRetry":{"header":"Wiederholen?","body":"Ganz sicher wiederholen?","cancelLabel":"Abbrechen","confirmLabel":"Best\u00e4tigen"},"question":"<p>Meine neuen Nachbarn haben einen kleinen Sohn, ________ k\u00f6nnen sie wenig schlafen.<\/p>\n"},"library":"H5P.MultiChoice 1.14","metadata":{"contentType":"Multiple Choice","license":"U","title":"Untitled Multiple Choice","defaultLanguage":"de"},"subContentId":"414ea9f6-f4a3-48de-84bc-e39b00985faf"},{"params":{"media":{"disableImageZooming":false},"answers":[{"correct":false,"tipsAndFeedback":{"tip":"","chosenFeedback":"","notChosenFeedback":""},"text":"<div>n\u00e4mlich<\/div>\n"},{"correct":true,"tipsAndFeedback":{"tip":"","chosenFeedback":"","notChosenFeedback":""},"text":"<div>deshalb<\/div>\n"},{"correct":false,"tipsAndFeedback":{"tip":"","chosenFeedback":"","notChosenFeedback":""},"text":"<div>dass<\/div>\n"}],"overallFeedback":[{"from":0,"to":100}],"behaviour":{"enableRetry":true,"enableSolutionsButton":false,"enableCheckButton":true,"type":"auto","singlePoint":false,"randomAnswers":true,"showSolutionsRequiresInput":true,"confirmCheckDialog":false,"confirmRetryDialog":false,"autoCheck":false,"passPercentage":100,"showScorePoints":true},"UI":{"checkAnswerButton":"\u00dcberpr\u00fcfen","showSolutionButton":"L\u00f6sung anzeigen","tryAgainButton":"Wiederholen","tipsLabel":"Hinweis anzeigen","scoreBarLabel":"Du hast :num von :total Punkten erreicht.","tipAvailable":"Hinweis verf\u00fcgbar","feedbackAvailable":"R\u00fcckmeldung verf\u00fcgbar","readFeedback":"R\u00fcckmeldung vorlesen","wrongAnswer":"Falsche Antwort","correctAnswer":"deshalb","shouldCheck":"H\u00e4tte gew\u00e4hlt werden m\u00fcssen","shouldNotCheck":"H\u00e4tte nicht gew\u00e4hlt werden sollen","noInput":"Bitte antworte, bevor du die L\u00f6sung ansiehst"},"confirmCheck":{"header":"Beenden?","body":"Ganz sicher beenden?","cancelLabel":"Abbrechen","confirmLabel":"Beenden"},"confirmRetry":{"header":"Wiederholen?","body":"Ganz sicher wiederholen?","cancelLabel":"Abbrechen","confirmLabel":"Best\u00e4tigen"},"question":"<p>Das Kleid war zu weit, ________ hat sie es enger gemacht.<\/p>\n"},"library":"H5P.MultiChoice 1.14","metadata":{"contentType":"Multiple Choice","license":"U","title":"Untitled Multiple Choice"},"subContentId":"aba25d33-c7b5-4f29-853c-a3add9abf7f4"},{"params":{"media":{"disableImageZooming":false},"answers":[{"correct":true,"tipsAndFeedback":{"tip":"","chosenFeedback":"","notChosenFeedback":""},"text":"<div>darum<\/div>\n"},{"correct":false,"tipsAndFeedback":{"tip":"","chosenFeedback":"","notChosenFeedback":""},"text":"<div>denn<\/div>\n"},{"correct":false,"tipsAndFeedback":{"tip":"","chosenFeedback":"","notChosenFeedback":""},"text":"<div>obwohl<\/div>\n"}],"overallFeedback":[{"from":0,"to":100}],"behaviour":{"enableRetry":true,"enableSolutionsButton":false,"enableCheckButton":true,"type":"auto","singlePoint":false,"randomAnswers":true,"showSolutionsRequiresInput":true,"confirmCheckDialog":false,"confirmRetryDialog":false,"autoCheck":false,"passPercentage":100,"showScorePoints":true},"UI":{"checkAnswerButton":"\u00dcberpr\u00fcfen","showSolutionButton":"L\u00f6sung anzeigen","tryAgainButton":"Wiederholen","tipsLabel":"Hinweis anzeigen","scoreBarLabel":"Du hast :num von :total Punkten erreicht.","tipAvailable":"Hinweis verf\u00fcgbar","feedbackAvailable":"R\u00fcckmeldung verf\u00fcgbar","readFeedback":"R\u00fcckmeldung vorlesen","wrongAnswer":"Falsche Antwort","correctAnswer":"deshalb","shouldCheck":"H\u00e4tte gew\u00e4hlt werden m\u00fcssen","shouldNotCheck":"H\u00e4tte nicht gew\u00e4hlt werden sollen","noInput":"Bitte antworte, bevor du die L\u00f6sung ansiehst"},"confirmCheck":{"header":"Beenden?","body":"Ganz sicher beenden?","cancelLabel":"Abbrechen","confirmLabel":"Beenden"},"confirmRetry":{"header":"Wiederholen?","body":"Ganz sicher wiederholen?","cancelLabel":"Abbrechen","confirmLabel":"Best\u00e4tigen"},"question":"<p>Dieser Koffer schloss nicht richtig, ________ musstest du einen Riemen binden.<\/p>\n"},"library":"H5P.MultiChoice 1.14","metadata":{"contentType":"Multiple Choice","license":"U","title":"Untitled Multiple Choice"},"subContentId":"da03f9be-5e53-49c0-8e73-af567e301368"},{"params":{"media":{"disableImageZooming":false},"answers":[{"correct":false,"tipsAndFeedback":{"tip":"","chosenFeedback":"","notChosenFeedback":""},"text":"<div>trotzdem<\/div>\n"},{"correct":true,"tipsAndFeedback":{"tip":"","chosenFeedback":"","notChosenFeedback":""},"text":"<div>deswegen<\/div>\n"},{"correct":false,"tipsAndFeedback":{"tip":"","chosenFeedback":"","notChosenFeedback":""},"text":"<div>als<\/div>\n"}],"overallFeedback":[{"from":0,"to":100}],"behaviour":{"enableRetry":true,"enableSolutionsButton":false,"enableCheckButton":true,"type":"auto","singlePoint":false,"randomAnswers":true,"showSolutionsRequiresInput":true,"confirmCheckDialog":false,"confirmRetryDialog":false,"autoCheck":false,"passPercentage":100,"showScorePoints":true},"UI":{"checkAnswerButton":"\u00dcberpr\u00fcfen","showSolutionButton":"L\u00f6sung anzeigen","tryAgainButton":"Wiederholen","tipsLabel":"Hinweis anzeigen","scoreBarLabel":"Du hast :num von :total Punkten erreicht.","tipAvailable":"Hinweis verf\u00fcgbar","feedbackAvailable":"R\u00fcckmeldung verf\u00fcgbar","readFeedback":"R\u00fcckmeldung vorlesen","wrongAnswer":"Falsche Antwort","correctAnswer":"deshalb","shouldCheck":"H\u00e4tte gew\u00e4hlt werden m\u00fcssen","shouldNotCheck":"H\u00e4tte nicht gew\u00e4hlt werden sollen","noInput":"Bitte antworte, bevor du die L\u00f6sung ansiehst"},"confirmCheck":{"header":"Beenden?","body":"Ganz sicher beenden?","cancelLabel":"Abbrechen","confirmLabel":"Beenden"},"confirmRetry":{"header":"Wiederholen?","body":"Ganz sicher wiederholen?","cancelLabel":"Abbrechen","confirmLabel":"Best\u00e4tigen"},"question":"<p>Es fehlte an Geld, ________ konnte das alte Schloss nicht renoviert werden.<\/p>\n"},"library":"H5P.MultiChoice 1.14","metadata":{"contentType":"Multiple Choice","license":"U","title":"Untitled Multiple Choice"},"subContentId":"faf8023c-1534-4571-809c-393a8971818f"},{"params":{"media":{"disableImageZooming":false},"answers":[{"correct":false,"tipsAndFeedback":{"tip":"","chosenFeedback":"","notChosenFeedback":""},"text":"<div>obwohl<\/div>\n"},{"correct":false,"tipsAndFeedback":{"tip":"","chosenFeedback":"","notChosenFeedback":""},"text":"<div>nachdem<\/div>\n"},{"correct":true,"tipsAndFeedback":{"tip":"","chosenFeedback":"","notChosenFeedback":""},"text":"<div>daher<\/div>\n"}],"overallFeedback":[{"from":0,"to":100}],"behaviour":{"enableRetry":true,"enableSolutionsButton":false,"enableCheckButton":true,"type":"auto","singlePoint":false,"randomAnswers":true,"showSolutionsRequiresInput":true,"confirmCheckDialog":false,"confirmRetryDialog":false,"autoCheck":false,"passPercentage":100,"showScorePoints":true},"UI":{"checkAnswerButton":"\u00dcberpr\u00fcfen","showSolutionButton":"L\u00f6sung anzeigen","tryAgainButton":"Wiederholen","tipsLabel":"Hinweis anzeigen","scoreBarLabel":"Du hast :num von :total Punkten erreicht.","tipAvailable":"Hinweis verf\u00fcgbar","feedbackAvailable":"R\u00fcckmeldung verf\u00fcgbar","readFeedback":"R\u00fcckmeldung vorlesen","wrongAnswer":"Falsche Antwort","correctAnswer":"deshalb","shouldCheck":"H\u00e4tte gew\u00e4hlt werden m\u00fcssen","shouldNotCheck":"H\u00e4tte nicht gew\u00e4hlt werden sollen","noInput":"Bitte antworte, bevor du die L\u00f6sung ansiehst"},"confirmCheck":{"header":"Beenden?","body":"Ganz sicher beenden?","cancelLabel":"Abbrechen","confirmLabel":"Beenden"},"confirmRetry":{"header":"Wiederholen?","body":"Ganz sicher wiederholen?","cancelLabel":"Abbrechen","confirmLabel":"Best\u00e4tigen"},"question":"<p>Er verhielt sich frech im Konzert,&nbsp;<em>________<\/em>&nbsp;warf ihn der W\u00e4chter aus dem Saal.<\/p>\n"},"library":"H5P.MultiChoice 1.14","metadata":{"contentType":"Multiple Choice","license":"U","title":"Untitled Multiple Choice"},"subContentId":"17d405fc-71bb-4c38-a517-8eb58aa2fb3c"},{"params":{"media":{"disableImageZooming":false},"answers":[{"correct":false,"tipsAndFeedback":{"tip":"","chosenFeedback":"","notChosenFeedback":""},"text":"<div>bevor<\/div>\n"},{"correct":false,"tipsAndFeedback":{"tip":"","chosenFeedback":"","notChosenFeedback":""},"text":"<div>falls<\/div>\n"},{"correct":true,"tipsAndFeedback":{"tip":"","chosenFeedback":"","notChosenFeedback":""},"text":"<div>aus diesem Grund<\/div>\n"}],"overallFeedback":[{"from":0,"to":100}],"behaviour":{"enableRetry":true,"enableSolutionsButton":false,"enableCheckButton":true,"type":"auto","singlePoint":false,"randomAnswers":true,"showSolutionsRequiresInput":true,"confirmCheckDialog":false,"confirmRetryDialog":false,"autoCheck":false,"passPercentage":100,"showScorePoints":true},"UI":{"checkAnswerButton":"\u00dcberpr\u00fcfen","showSolutionButton":"L\u00f6sung anzeigen","tryAgainButton":"Wiederholen","tipsLabel":"Hinweis anzeigen","scoreBarLabel":"Du hast :num von :total Punkten erreicht.","tipAvailable":"Hinweis verf\u00fcgbar","feedbackAvailable":"R\u00fcckmeldung verf\u00fcgbar","readFeedback":"R\u00fcckmeldung vorlesen","wrongAnswer":"Falsche Antwort","correctAnswer":"deshalb","shouldCheck":"H\u00e4tte gew\u00e4hlt werden m\u00fcssen","shouldNotCheck":"H\u00e4tte nicht gew\u00e4hlt werden sollen","noInput":"Bitte antworte, bevor du die L\u00f6sung ansiehst"},"confirmCheck":{"header":"Beenden?","body":"Ganz sicher beenden?","cancelLabel":"Abbrechen","confirmLabel":"Beenden"},"confirmRetry":{"header":"Wiederholen?","body":"Ganz sicher wiederholen?","cancelLabel":"Abbrechen","confirmLabel":"Best\u00e4tigen"},"question":"<p>Es herrschen strenge Einschr\u00e4nkungen bei Reisen ins Ausland, ________ vermeiden wir alle Reisen sowohl in die Nachbarl\u00e4nder als auch ins Ausland.<\/p>\n"},"library":"H5P.MultiChoice 1.14","metadata":{"contentType":"Multiple Choice","license":"U","title":"Untitled Multiple Choice"},"subContentId":"a0454ad8-d4b3-4af8-9ded-17cc193afda3"},{"params":{"media":{"disableImageZooming":false},"answers":[{"correct":false,"tipsAndFeedback":{"tip":"","chosenFeedback":"","notChosenFeedback":""},"text":"<div>bis<\/div>\n"},{"correct":false,"tipsAndFeedback":{"tip":"","chosenFeedback":"","notChosenFeedback":""},"text":"<div>dass<\/div>\n"},{"correct":true,"tipsAndFeedback":{"tip":"","chosenFeedback":"","notChosenFeedback":""},"text":"<div>darum<\/div>\n"}],"overallFeedback":[{"from":0,"to":100}],"behaviour":{"enableRetry":true,"enableSolutionsButton":false,"enableCheckButton":true,"type":"auto","singlePoint":false,"randomAnswers":true,"showSolutionsRequiresInput":true,"confirmCheckDialog":false,"confirmRetryDialog":false,"autoCheck":false,"passPercentage":100,"showScorePoints":true},"UI":{"checkAnswerButton":"\u00dcberpr\u00fcfen","showSolutionButton":"L\u00f6sung anzeigen","tryAgainButton":"Wiederholen","tipsLabel":"Hinweis anzeigen","scoreBarLabel":"Du hast :num von :total Punkten erreicht.","tipAvailable":"Hinweis verf\u00fcgbar","feedbackAvailable":"R\u00fcckmeldung verf\u00fcgbar","readFeedback":"R\u00fcckmeldung vorlesen","wrongAnswer":"Falsche Antwort","correctAnswer":"deshalb","shouldCheck":"H\u00e4tte gew\u00e4hlt werden m\u00fcssen","shouldNotCheck":"H\u00e4tte nicht gew\u00e4hlt werden sollen","noInput":"Bitte antworte, bevor du die L\u00f6sung ansiehst"},"confirmCheck":{"header":"Beenden?","body":"Ganz sicher beenden?","cancelLabel":"Abbrechen","confirmLabel":"Beenden"},"confirmRetry":{"header":"Wiederholen?","body":"Ganz sicher wiederholen?","cancelLabel":"Abbrechen","confirmLabel":"Best\u00e4tigen"},"question":"<p>Die Hotelg\u00e4ste waren sehr unzufrieden mit den Dienstleistungen im Hotel, ________ haben sie sich beim Hoteldirektor beschwert.<\/p>\n"},"library":"H5P.MultiChoice 1.14","metadata":{"contentType":"Multiple Choice","license":"U","title":"Untitled Multiple Choice"},"subContentId":"06713262-156d-4bef-98de-11cce01a2cd1"},{"params":{"media":{"disableImageZooming":false},"answers":[{"correct":true,"tipsAndFeedback":{"tip":"","chosenFeedback":"","notChosenFeedback":""},"text":"<div>deshalb<\/div>\n"},{"correct":false,"tipsAndFeedback":{"tip":"","chosenFeedback":"","notChosenFeedback":""},"text":"<div>denn<\/div>\n"},{"correct":false,"tipsAndFeedback":{"tip":"","chosenFeedback":"","notChosenFeedback":""},"text":"<div>falls<\/div>\n"}],"overallFeedback":[{"from":0,"to":100}],"behaviour":{"enableRetry":true,"enableSolutionsButton":false,"enableCheckButton":true,"type":"auto","singlePoint":false,"randomAnswers":true,"showSolutionsRequiresInput":true,"confirmCheckDialog":false,"confirmRetryDialog":false,"autoCheck":false,"passPercentage":100,"showScorePoints":true},"UI":{"checkAnswerButton":"\u00dcberpr\u00fcfen","showSolutionButton":"L\u00f6sung anzeigen","tryAgainButton":"Wiederholen","tipsLabel":"Hinweis anzeigen","scoreBarLabel":"Du hast :num von :total Punkten erreicht.","tipAvailable":"Hinweis verf\u00fcgbar","feedbackAvailable":"R\u00fcckmeldung verf\u00fcgbar","readFeedback":"R\u00fcckmeldung vorlesen","wrongAnswer":"Falsche Antwort","correctAnswer":"deshalb","shouldCheck":"H\u00e4tte gew\u00e4hlt werden m\u00fcssen","shouldNotCheck":"H\u00e4tte nicht gew\u00e4hlt werden sollen","noInput":"Bitte antworte, bevor du die L\u00f6sung ansiehst"},"confirmCheck":{"header":"Beenden?","body":"Ganz sicher beenden?","cancelLabel":"Abbrechen","confirmLabel":"Beenden"},"confirmRetry":{"header":"Wiederholen?","body":"Ganz sicher wiederholen?","cancelLabel":"Abbrechen","confirmLabel":"Best\u00e4tigen"},"question":"<p>Unsere alte Wohnung musste neu eingerichtet werden, ________ habe ich einen Kredit aufnehmen m\u00fcssen.<\/p>\n"},"library":"H5P.MultiChoice 1.14","metadata":{"contentType":"Multiple Choice","license":"U","title":"Untitled Multiple Choice"},"subContentId":"d0da6981-ba66-460e-9da2-90d8fa197547"}],"disableBackwardsNavigation":true,"randomQuestions":true,"endGame":{"showResultPage":true,"showSolutionButton":true,"showRetryButton":true,"message":"Your result:","overallFeedback":[{"from":0,"to":100}],"solutionButtonText":"L\u00f6sung","retryButtonText":"Wiederholen","finishButtonText":"n\u00e4chste \u00dcbung","showAnimations":false,"skippable":false,"skipButtonText":"Skip video","noResultMessage":"Finished"},"override":{"checkButton":true,"showSolutionButton":"off"},"texts":{"prevButton":"Zur\u00fcck","nextButton":"Weiter","finishButton":"Beenden","textualProgress":"Aktuelle Frage: @current von @total Fragen","jumpToQuestion":"Frage %d von %total","questionLabel":"Frage","readSpeakerProgress":"Frage @current von @total","unansweredText":"Unbeantwortet","answeredText":"Beantwortet","currentQuestionText":"Aktuelle Frage"},"poolSize":10}