{"media":{"disableImageZooming":false},"text":"<p>Bilde Imperativs\u00e4tze mit Sie-Form!<\/p>\n","overallFeedback":[{"from":0,"to":50,"feedback":"schlecht"},{"from":51,"to":79,"feedback":"gut"},{"from":80,"to":100,"feedback":"ausgezeichnet"}],"showSolutions":"Show solution","tryAgain":"Retry","checkAnswer":"Check","notFilledOut":"Please fill in all blanks to view solution","answerIsCorrect":"&#039;:ans&#039; is correct","answerIsWrong":"&#039;:ans&#039; is wrong","answeredCorrectly":"Answered correctly","answeredIncorrectly":"Answered incorrectly","solutionLabel":"Correct answer:","inputLabel":"Blank input @num of @total","inputHasTipLabel":"Tip available","tipLabel":"Tip","behaviour":{"enableRetry":true,"enableSolutionsButton":true,"enableCheckButton":true,"autoCheck":false,"caseSensitive":true,"showSolutionsRequiresInput":true,"separateLines":false,"confirmCheckDialog":false,"confirmRetryDialog":false,"acceptSpellingErrors":false},"scoreBarLabel":"You got :num out of :total points","confirmCheck":{"header":"Finish ?","body":"Are you sure you wish to finish ?","cancelLabel":"Cancel","confirmLabel":"Finish"},"confirmRetry":{"header":"Retry ?","body":"Are you sure you wish to retry ?","cancelLabel":"Cancel","confirmLabel":"Confirm"},"questions":["<p>1. gehen\/holen<\/p>\n\n<p>*Gehen* *Sie*&nbsp;bitte zum Kiosk und *holen* *Sie* eine Flasche Wasser!<\/p>\n","<p>2. aufh\u00f6ren<\/p>\n\n<p>*H\u00f6ren* *Sie*&nbsp;sofort damit *auf*!<\/p>\n","<p>3. fahren<\/p>\n\n<p>*Fahren* *Sie* mich zum Bahnhof!<\/p>\n","<p>4. (sich) anschnallen<\/p>\n\n<p>*Schnallen* *Sie*&nbsp;sich bitte *an*!<\/p>\n","<p>5. einsteigen<\/p>\n\n<p>*Steigen*&nbsp;*Sie* schnell *ein*!<\/p>\n","<p>6. warten<\/p>\n\n<p>*Warten*&nbsp;*Sie* bitte im Warteraum!<\/p>\n","<p>7. unterschreiben<\/p>\n\n<p>*Unterschreiben*&nbsp;*Sie* bitte hier unten!<\/p>\n","<p>8. mitbringen<\/p>\n\n<p>*Bringen*&nbsp;*Sie* morgen alle Unterlagen *mit*!<\/p>\n"]}