{"media":{"disableImageZooming":false},"text":"<p><u>Verbinde die S\u00e4tze mit der Konjunktion \"falls\"!<\/u><\/p>\n","overallFeedback":[{"from":0,"to":50,"feedback":"schlecht"},{"from":51,"to":74,"feedback":"gut"},{"from":75,"to":100,"feedback":"ausgezeichnet"}],"showSolutions":"Show solution","tryAgain":"Retry","checkAnswer":"Check","notFilledOut":"Please fill in all blanks to view solution","answerIsCorrect":"&#039;:ans&#039; is correct","answerIsWrong":"&#039;:ans&#039; is wrong","answeredCorrectly":"Answered correctly","answeredIncorrectly":"Answered incorrectly","solutionLabel":"Correct answer:","inputLabel":"Blank input @num of @total","inputHasTipLabel":"Tip available","tipLabel":"Tip","behaviour":{"enableRetry":true,"enableSolutionsButton":true,"enableCheckButton":true,"autoCheck":false,"caseSensitive":true,"showSolutionsRequiresInput":true,"separateLines":false,"confirmCheckDialog":false,"confirmRetryDialog":false,"acceptSpellingErrors":false},"scoreBarLabel":"You got :num out of :total points","confirmCheck":{"header":"Finish ?","body":"Are you sure you wish to finish ?","cancelLabel":"Cancel","confirmLabel":"Finish"},"confirmRetry":{"header":"Retry ?","body":"Are you sure you wish to retry ?","cancelLabel":"Cancel","confirmLabel":"Confirm"},"questions":["<p>Ich komme beim B\u00e4cker vorbei. Ich bringe dir etwas mit. Beispiel: Falls ich beim B\u00e4cker vorbeikomme, bringe ich dir etwas mit.<\/p>\n","<p>1. Ich arbeite mehr. Ich verdiene mehr.<\/p>\n\n<p>*Falls* *ich* *mehr* *arbeite*, *verdiene* *ich* *mehr*.<\/p>\n","<p>2. Du sagtest die Wahrheit. Alle freuten sich.<\/p>\n\n<p>*Falls* *du* *die* *Wahrheit* *sagtest*, *freuten* *sich* *alle*.<\/p>\n","<p>3. Die Beschwerden lassen nicht nach. Der Patient muss operiert werden.<\/p>\n\n<p>*Falls* *die*&nbsp;*Beschwerden* *nicht* *nachlassen*, *muss* *der* *Patient* * operiert* *werden*.<\/p>\n","<p>4. Du wirst einen Regenschirm n\u00f6tig haben. Es regnet.<\/p>\n\n<p>*Du* *wirst* *einen* *Regenschirm* *n\u00f6tig* *haben*,&nbsp;*falls*&nbsp;*es* *regnet*.<\/p>\n","<p>5. Die Sonne scheint morgen. Wir fahren ins Freibad.<\/p>\n\n<p>*Falls* *die* *Sonne* *morgen* *scheint*, *fahren* *wir* *ins* *Freibad*.<\/p>\n","<p>&nbsp;6.&nbsp;Meine Mitarbeiter werden gelobt. Sie haben sich besoders f\u00fcr die Firma eingesetzt.<\/p>\n\n<p>&nbsp;*Meine* *Mitarbeiter* *werden* *gelobt*, &nbsp;*falls*&nbsp;*sie* *sich* *besonders* *f\u00fcr* *die* *Firma*&nbsp;*eingesetzt* *haben*.<\/p>\n","<p>7. Sie w\u00e4ren fr\u00fcher gekommen. Wir h\u00e4tten mehr Zeit gehabt zu lernen.<\/p>\n\n<p>*Falls* *sie* *fr\u00fcher* *gekommen* *w\u00e4ren*,&nbsp;*h\u00e4tten* *wir* *mehr* *Zeit* *gehabt* *zu* *lernen*.<\/p>\n"]}