{"media":{"disableImageZooming":false},"text":"<p>Setze das richtige Relativpronomen im Akkusativ ein!<\/p>\n","overallFeedback":[{"from":0,"to":50,"feedback":"schlecht"},{"from":51,"to":79,"feedback":"gut"},{"from":80,"to":100,"feedback":"ausgezeichnet"}],"showSolutions":"Show solution","tryAgain":"Retry","checkAnswer":"Check","notFilledOut":"Please fill in all blanks to view solution","answerIsCorrect":"&#039;:ans&#039; is correct","answerIsWrong":"&#039;:ans&#039; is wrong","answeredCorrectly":"Answered correctly","answeredIncorrectly":"Answered incorrectly","solutionLabel":"Correct answer:","inputLabel":"Blank input @num of @total","inputHasTipLabel":"Tip available","tipLabel":"Tip","behaviour":{"enableRetry":true,"enableSolutionsButton":true,"enableCheckButton":true,"autoCheck":false,"caseSensitive":true,"showSolutionsRequiresInput":true,"separateLines":false,"confirmCheckDialog":false,"confirmRetryDialog":false,"acceptSpellingErrors":false},"scoreBarLabel":"You got :num out of :total points","confirmCheck":{"header":"Finish ?","body":"Are you sure you wish to finish ?","cancelLabel":"Cancel","confirmLabel":"Finish"},"confirmRetry":{"header":"Retry ?","body":"Are you sure you wish to retry ?","cancelLabel":"Cancel","confirmLabel":"Confirm"},"questions":["<p>1. Das ist der Herr, *den* wir im Theater getroffen haben.<\/p>\n","<p>2. Ist das die Verk\u00e4uferin, *die* du nach dem Preis gefragt hast?<\/p>\n","<p>3. Die Pferde,&nbsp;*die* du geritten hast, wurden an die Polizei verkauft.<\/p>\n","<p>4. Der Koffer mit meinen Kleidern,&nbsp;*die* ich auf der Reise gekauft habe, ist verloren gegangen.<\/p>\n","<p>5. Habt ihr den Schl\u00fcssel,&nbsp;*den* ihr im Restaurant vergessen habt, wieder gefunden?<\/p>\n","<p>6. Das Buch,&nbsp;*das* &nbsp;ich mir aus der Bibliothek ausgeliehen habe, ist wirklich spannend.<\/p>\n","<p>7. Morgen fahre ich zu meinem Onkel,&nbsp;*den* ich schon lange nicht gesehen habe.<\/p>\n","<p>8. Das Regal,&nbsp;*das* ich von meiner Gro\u00dfmutter geschenkt bekommen habe, finde ich toll.<\/p>\n","<p>9. Wo haben Sie das Brot,&nbsp;*das* wir gestern zum Fr\u00fchst\u00fcck gegessen haben, gekauft?<\/p>\n","<p>10. Ich kann ohne die B\u00fccher,&nbsp;*die* ich in der Schule gelassen habe, nicht lernen.&nbsp;<\/p>\n"]}