{"media":{"disableImageZooming":false,"type":{"params":{"contentName":"Bild","file":{"path":"images\/file-5f9815d754d39.jpg","mime":"image\/jpeg","copyright":{"license":"U"},"width":1280,"height":854}},"library":"H5P.Image 1.1","metadata":{"contentType":"Image","license":"U","title":"Untitled Image"},"subContentId":"fc3f9df7-61aa-49c7-bc5d-a43acd8c1c2c"}},"text":"<h3>Setze die richtige Form des Verbs m\u00f6gen ein!<\/h3>\n","overallFeedback":[{"from":0,"to":50,"feedback":"schlecht"},{"from":51,"to":74,"feedback":"gut"},{"from":75,"to":100,"feedback":"ausgezeichnet"}],"showSolutions":"L\u00f6sung anzeigen","tryAgain":"Wiederholen","checkAnswer":"\u00dcberpr\u00fcfen","notFilledOut":"Bitte f\u00fclle alle L\u00fccken aus, um die L\u00f6sung ansehen zu k\u00f6nnen","answerIsCorrect":"&#039;:ans&#039; ist korrekt","answerIsWrong":"&#039;:ans&#039; ist falsch","answeredCorrectly":"Korrekt beantwortet","answeredIncorrectly":"Falsch beantwortet","solutionLabel":"Korrekte Antwort:","inputLabel":"L\u00fccke @num von @total","inputHasTipLabel":"Tipp verf\u00fcgbar","tipLabel":"Tipp","behaviour":{"enableRetry":true,"enableSolutionsButton":true,"enableCheckButton":true,"autoCheck":false,"caseSensitive":true,"showSolutionsRequiresInput":true,"separateLines":false,"confirmCheckDialog":false,"confirmRetryDialog":false,"acceptSpellingErrors":false},"scoreBarLabel":"Du hast :num von :total Punkten erreicht.","confirmCheck":{"header":"Beenden?","body":"Ganz sicher beenden?","cancelLabel":"Abbrechen","confirmLabel":"Beenden"},"confirmRetry":{"header":"Wiederholen?","body":"Ganz sicher wiederholen?","cancelLabel":"Abbrechen","confirmLabel":"Best\u00e4tigen"},"questions":["<p>Ich *mag* keinen Sport.<\/p>\n","<p>&nbsp;Mein Mann dagegen treibt Sport jeden Tag. Er *mag* Sport, vor allem Radfahren.<\/p>\n","<p>Unsere Tochter *mag* Klettern.<\/p>\n","<p>Sie geht regelm\u00e4\u00dfig zum Training und dort trifft sie ihre Freundin Lara. Beide *m\u00f6gen*&nbsp;diese interessante Sportart.<\/p>\n","<p>Und du? Welche Sportart *magst* du? Vielleicht Fu\u00dfball oder Skifahren?<\/p>\n","<p>Wir haben auch einen Hund. Wir *m\u00f6gen* Tiere.<\/p>\n","<p>*M\u00f6gt* ihr auch Tiere?&nbsp;<\/p>\n"]}