{"media":{"disableImageZooming":false},"text":"<p>Bilden Sie richtige Nomenformen! Verb + <em>-er<\/em>, Verb + -<em>ung<\/em><\/p>\n","overallFeedback":[{"from":0,"to":50,"feedback":"schlecht"},{"from":51,"to":79,"feedback":"gut"},{"from":80,"to":100,"feedback":"ausgezeichnet"}],"showSolutions":"Show solution","tryAgain":"Retry","checkAnswer":"Check","notFilledOut":"Please fill in all blanks to view solution","answerIsCorrect":"&#039;:ans&#039; is correct","answerIsWrong":"&#039;:ans&#039; is wrong","answeredCorrectly":"Answered correctly","answeredIncorrectly":"Answered incorrectly","solutionLabel":"Correct answer:","inputLabel":"Blank input @num of @total","inputHasTipLabel":"Tip available","tipLabel":"Tip","behaviour":{"enableRetry":true,"enableSolutionsButton":true,"enableCheckButton":true,"autoCheck":false,"caseSensitive":true,"showSolutionsRequiresInput":true,"separateLines":false,"confirmCheckDialog":false,"confirmRetryDialog":false,"acceptSpellingErrors":false},"scoreBarLabel":"You got :num out of :total points","confirmCheck":{"header":"Finish ?","body":"Are you sure you wish to finish ?","cancelLabel":"Cancel","confirmLabel":"Finish"},"confirmRetry":{"header":"Retry ?","body":"Are you sure you wish to retry ?","cancelLabel":"Cancel","confirmLabel":"Confirm"},"questions":["<p>1. vermieten + <em>-er<\/em><\/p>\n\n<p>Antwort:&nbsp;*Vermieter*<\/p>\n","<p>2. erholen + <em>-ung<\/em><\/p>\n\n<p>Antwort:&nbsp;*Erholung*<\/p>\n","<p>3. anstrengen + <em>-ung<\/em><\/p>\n\n<p>Antwort:&nbsp;*Anstrengung*<\/p>\n","<p>4. surfen + <em>-er<\/em><\/p>\n\n<p>Antwort:&nbsp;*Surfer*<\/p>\n","<p>5. wandern + <em>-ung<\/em><\/p>\n\n<p>Antwort:&nbsp;*Wanderung*<\/p>\n","<p>6. \u00fcbernachten + <em>-ung<\/em><\/p>\n\n<p>Antwort:&nbsp;*\u00dcbernachtung*<\/p>\n","<p>7. laufen + <em>-er<\/em><\/p>\n\n<p>Antwort:&nbsp;*L\u00e4ufer*<\/p>\n\n<p>&nbsp;<\/p>\n","<p>8. fahren +&nbsp;<em>-er<\/em><\/p>\n\n<p>Antwort:&nbsp;*Fahrer*<\/p>\n","<p>9. Rad fahren +&nbsp;<em>-er<\/em><\/p>\n\n<p>Antwort:&nbsp;*Radfahrer*<\/p>\n","<p>10. \u00fcben +&nbsp;<em>-ung<\/em><\/p>\n\n<p>Antwort:&nbsp;*\u00dcbung*<\/p>\n"]}