{"media":{"disableImageZooming":false},"text":"<p>Erg\u00e4nze die S\u00e4tze mit den Verben in Klammern und mit \"zu\"!<\/p>\n\n<p>&nbsp;<\/p>\n","overallFeedback":[{"from":0,"to":50,"feedback":"schlecht"},{"from":51,"to":79,"feedback":"gut"},{"from":80,"to":100,"feedback":"ausgezeichnet"}],"showSolutions":"Show solution","tryAgain":"Retry","checkAnswer":"Check","notFilledOut":"Please fill in all blanks to view solution","answerIsCorrect":"&#039;:ans&#039; is correct","answerIsWrong":"&#039;:ans&#039; is wrong","answeredCorrectly":"Answered correctly","answeredIncorrectly":"Answered incorrectly","solutionLabel":"Correct answer:","inputLabel":"Blank input @num of @total","inputHasTipLabel":"Tip available","tipLabel":"Tip","behaviour":{"enableRetry":true,"enableSolutionsButton":true,"enableCheckButton":true,"autoCheck":false,"caseSensitive":true,"showSolutionsRequiresInput":true,"separateLines":false,"confirmCheckDialog":false,"confirmRetryDialog":false,"acceptSpellingErrors":false},"scoreBarLabel":"You got :num out of :total points","confirmCheck":{"header":"Finish ?","body":"Are you sure you wish to finish ?","cancelLabel":"Cancel","confirmLabel":"Finish"},"confirmRetry":{"header":"Retry ?","body":"Are you sure you wish to retry ?","cancelLabel":"Cancel","confirmLabel":"Confirm"},"questions":["<p>1. Wenn du ein Problem hast, brauchst &nbsp;mich nur *anzurufen*. (anrufen)<\/p>\n","<p>2. \"Musst du das ganze Buch lesen?\" - \"Nein, ich *brauche* nur den Anfang *zu*&nbsp;*lesen*.\" (brauchen, lesen)<\/p>\n","<p>3. \"Seid ihr schon fertig?\" - \"Nein, wir *brauchen* nur noch *einzuchecken*.\" (brauchen, einchecken)&nbsp;<\/p>\n","<p>4. \"*Brauchen* wir alle Mails noch heute *abzuschicken*?\" (brauchen, abschicken) - \"Ja, nat\u00fcrlich.\"<\/p>\n","<p>5. Ich gehe aus. Du *brauchst* dir keine Sorgen *zu*&nbsp;*machen*! (brauchen, machen)<\/p>\n","<p>6. \"Herr Direktor, muss ich an der Sitzung teilnehmen?\" - \"Nein, Sie *brauchen* nicht an der Sitzung *teilzunehmen*.\" (brauchen, teilnehmen)<\/p>\n","<p>7. Morgen ist ein Staatsfeiertag. Wir *brauchen* nicht *zu*&nbsp;*arbeiten*. (brauchen, arbeiten)<\/p>\n","<p>8. Er ist krank, deswegen *braucht* er einen Krankenschein *&nbsp;*. (brauchen)<\/p>\n"]}