{"title":"Konjunktionen","language":"en","mainLibrary":"H5P.QuestionSet","embedTypes":["div"],"license":"U","defaultLanguage":"de","preloadedDependencies":[{"machineName":"EmbeddedJS","majorVersion":1,"minorVersion":0},{"machineName":"FontAwesome","majorVersion":4,"minorVersion":5},{"machineName":"Tether","majorVersion":1,"minorVersion":0},{"machineName":"Drop","majorVersion":1,"minorVersion":0},{"machineName":"H5P.FontIcons","majorVersion":1,"minorVersion":0},{"machineName":"H5P.Transition","majorVersion":1,"minorVersion":0},{"machineName":"H5P.JoubelUI","majorVersion":1,"minorVersion":3},{"machineName":"H5P.Question","majorVersion":1,"minorVersion":4},{"machineName":"H5P.MultiChoice","majorVersion":1,"minorVersion":14},{"machineName":"flowplayer","majorVersion":1,"minorVersion":0},{"machineName":"H5P.Video","majorVersion":1,"minorVersion":5},{"machineName":"H5P.QuestionSet","majorVersion":1,"minorVersion":17}]}