{"media":{"disableImageZooming":false,"type":{"params":{"contentName":"Bild"},"library":"H5P.Image 1.1","metadata":{"contentType":"Image","license":"U","title":"Untitled Image"},"subContentId":"fc3f9df7-61aa-49c7-bc5d-a43acd8c1c2c"}},"text":"<h3>Setzen Sie das richtige Relativpronomen im Nominativ ein!<\/h3>\n","overallFeedback":[{"from":0,"to":50,"feedback":"schlecht"},{"from":51,"to":74,"feedback":"gut"},{"from":75,"to":100,"feedback":"ausgezeichnet"}],"showSolutions":"L\u00f6sung anzeigen","tryAgain":"Wiederholen","checkAnswer":"\u00dcberpr\u00fcfen","notFilledOut":"Bitte f\u00fclle alle L\u00fccken aus, um die L\u00f6sung ansehen zu k\u00f6nnen","answerIsCorrect":"&#039;:ans&#039; ist korrekt","answerIsWrong":"&#039;:ans&#039; ist falsch","answeredCorrectly":"Korrekt beantwortet","answeredIncorrectly":"Falsch beantwortet","solutionLabel":"Korrekte Antwort:","inputLabel":"L\u00fccke @num von @total","inputHasTipLabel":"Tipp verf\u00fcgbar","tipLabel":"Tipp","behaviour":{"enableRetry":true,"enableSolutionsButton":true,"enableCheckButton":true,"autoCheck":false,"caseSensitive":true,"showSolutionsRequiresInput":true,"separateLines":false,"confirmCheckDialog":false,"confirmRetryDialog":false,"acceptSpellingErrors":false},"scoreBarLabel":"Du hast :num von :total Punkten erreicht.","confirmCheck":{"header":"Beenden?","body":"Ganz sicher beenden?","cancelLabel":"Abbrechen","confirmLabel":"Beenden"},"confirmRetry":{"header":"Wiederholen?","body":"Ganz sicher wiederholen?","cancelLabel":"Abbrechen","confirmLabel":"Best\u00e4tigen"},"questions":["<p>1. Teo hat eine neue Sekret\u00e4rin, *die*&nbsp;3 Sprachen beherrscht.&nbsp;<\/p>\n","<p>2. Das ist ein sehr bequemes Sofa, *das* aus dem neuen M\u00f6belhaus stammt.&nbsp;<\/p>\n","<p>3. Das Auto,&nbsp;*das* auf dem Parkplatz steht, geh\u00f6rt meinen Nachbarn.<\/p>\n","<p>4. Ana hat eine neue Vase gekauft,&nbsp;*die* sehr g\u00fcnstig war.<\/p>\n","<p>5. Ich habe diese schwarzen Schuhe,&nbsp;*die* mir noch immer gefallen, sehr lange getragen.&nbsp;<\/p>\n","<p>6. Unser Hund,&nbsp;*der* schon 9 Jahre alt ist, spielt sehr gern mit den Kindern.&nbsp;<\/p>\n","<p>7. Wo ist der Mantel,&nbsp;*der* vor ein paar Minuten noch im Schrank gehangen hat.&nbsp;<\/p>\n","<p>8. Franks Freundin,&nbsp;*die* lange blonde Haare hatte, war Franz\u00f6sin.<\/p>\n","<p>9. Auf der Party tanzte Leon den ganzen Abend mit einer Frau,&nbsp;*die* verheiratet sein soll.&nbsp;<\/p>\n","<p>10. Die Leute,&nbsp;*die* uns beim Autounfall geholfen haben, waren sehr nett.<\/p>\n","<p>11. Sehr viele Studenten,&nbsp;*die* in diesem Studentenwohnheim wohnen, kommen aus  Spanien.<\/p>\n","<p>12. Ich kenne den Mann,&nbsp;*der* den Wagen gestohlen hat.<\/p>\n"]}